train,Reach,v_RatControlApl19_g08_c01,251,0
train,Reach,v_RatControlApl19_g08_c02,251,0
train,Reach,v_RatControlApl19_g11_c01,251,1
train,Reach,v_RatControlApl19_g11_c02,251,0
train,Reach,v_RatControlApl19_g25_c02,251,3.5
train,Reach,v_RatControlApl19_g26_c01,251,0
train,Reach,v_RatControlApl272_g08_c01,251,0
train,Reach,v_RatControlApl27_g10_c01,251,3.5
train,Reach,v_RatControlApl27_g10_c02,251,5
train,Reach,v_RatControlApl27_g15_c02,251,1
train,Reach,v_RatControlApl27_g26_c01,251,0
train,Reach,v_RatControlMay2_g08_c01,151,0
train,Reach,v_RatControlMay2_g08_c02,151,0
train,Reach,v_RatControlMay2_g10_c01,251,1
train,Reach,v_RatControlMay2_g11_c01,251,0
train,Reach,v_RatControlMay2_g11_c02,251,0
train,Reach,v_RatControlMay2_g25_c02,251,1
train,Reach,v_RatControlMay7_g08_c02,251,0
train,Reach,v_RatControlMay7_g26_c02,251,0
train,Reach,v_RatStrokeApl19_g04_c01,251,0.5
train,Reach,v_RatStrokeApl19_g06_c02,251,4.5
train,Reach,v_RatStrokeApl19_g13_c02,251,0.5
train,Reach,v_RatStrokeApl27_g04_c01,251,4.5
train,Reach,v_RatStrokeApl27_g04_c02,251,4.5
train,Reach,v_RatStrokeApl27_g05_c02,251,4
train,Reach,v_RatStrokeApl27_g06_c01,251,3
train,Reach,v_RatStrokeApl27_g12_c02,251,3
train,Reach,v_RatStrokeApl27_g13_c01,251,0
train,Reach,v_RatStrokeApl27_g13_c02,251,4.5
train,Reach,v_RatStrokeApl27_g17_c01,251,1
train,Reach,v_RatStrokeApl27_g17_c02,251,3.05
train,Reach,v_RatStrokeApl27_g21_c01,251,3.5
train,Reach,v_RatStrokeApl27_g21_c02,251,3.5
train,Reach,v_RatStrokeApl27_g22_c02,251,4
train,Reach,v_RatStrokeMay11_g04_c02,251,0.5
train,Reach,v_RatStrokeMay11_g06_c01,251,1
train,Reach,v_RatStrokeMay11_g12_c01,251,1
train,Reach,v_RatStrokeMay2_g04_c01,251,3
train,Reach,v_RatStrokeMay2_g04_c02,251,3
train,Reach,v_RatStrokeMay2_g05_c01,251,1
train,Reach,v_RatStrokeMay2_g05_c02,251,1
train,Reach,v_RatStrokeMay2_g06_c02,251,1
train,Reach,v_RatStrokeMay2_g09_c01,172,3.5
train,Reach,v_RatStrokeMay2_g12_c01,151,1
train,Reach,v_RatStrokeMay7_g04_c02,251,1
train,Reach,v_RatStrokeMay7_g12_c01,251,1
train,Reach,v_RatStrokeMay7_g22_c01,251,3.5
train,Reach,v_RatStrokeMay7_g22_c02,251,4
test,Reach,v_RatControlApl19_g08_c01,251,0
test,Reach,v_RatControlApl19_g08_c02,251,0
test,Reach,v_RatControlApl19_g11_c01,251,1
test,Reach,v_RatControlApl19_g11_c02,251,0
test,Reach,v_RatControlApl19_g25_c02,251,3.5
test,Reach,v_RatControlApl19_g26_c01,251,0
test,Reach,v_RatControlApl272_g08_c01,251,0
test,Reach,v_RatControlApl27_g10_c01,251,3.5
test,Reach,v_RatControlApl27_g10_c02,251,5
test,Reach,v_RatControlApl27_g15_c02,251,1
test,Reach,v_RatControlApl27_g26_c01,251,0
test,Reach,v_RatControlMay2_g08_c01,151,0
test,Reach,v_RatControlMay2_g08_c02,151,0
test,Reach,v_RatControlMay2_g10_c01,251,1
test,Reach,v_RatControlMay2_g11_c01,251,0
test,Reach,v_RatControlMay2_g11_c02,251,0
test,Reach,v_RatControlMay2_g25_c02,251,1
test,Reach,v_RatControlMay7_g08_c02,251,0
test,Reach,v_RatControlMay7_g26_c02,251,0
test,Reach,v_RatStrokeApl19_g04_c01,251,0.5
test,Reach,v_RatStrokeApl19_g06_c02,251,4.5
test,Reach,v_RatStrokeApl19_g13_c02,251,0.5
test,Reach,v_RatStrokeApl27_g04_c01,251,4.5
test,Reach,v_RatStrokeApl27_g04_c02,251,4.5
test,Reach,v_RatStrokeApl27_g05_c02,251,4
test,Reach,v_RatStrokeApl27_g06_c01,251,3
test,Reach,v_RatStrokeApl27_g12_c02,251,3
test,Reach,v_RatStrokeApl27_g13_c01,251,0
test,Reach,v_RatStrokeApl27_g13_c02,251,4.5
test,Reach,v_RatStrokeApl27_g17_c01,251,1
test,Reach,v_RatStrokeApl27_g17_c02,251,3.05
test,Reach,v_RatStrokeApl27_g21_c01,251,3.5
test,Reach,v_RatStrokeApl27_g21_c02,251,3.5
test,Reach,v_RatStrokeApl27_g22_c02,251,4
test,Reach,v_RatStrokeMay11_g04_c02,251,0.5
test,Reach,v_RatStrokeMay11_g06_c01,251,1
test,Reach,v_RatStrokeMay11_g12_c01,251,1
test,Reach,v_RatStrokeMay2_g04_c01,251,3
test,Reach,v_RatStrokeMay2_g04_c02,251,3
test,Reach,v_RatStrokeMay2_g05_c01,251,1
test,Reach,v_RatStrokeMay2_g05_c02,251,1
test,Reach,v_RatStrokeMay2_g06_c02,251,1
test,Reach,v_RatStrokeMay2_g09_c01,172,3.5
test,Reach,v_RatStrokeMay2_g12_c01,151,1
test,Reach,v_RatStrokeMay7_g04_c02,251,1
test,Reach,v_RatStrokeMay7_g12_c01,251,1
test,Reach,v_RatStrokeMay7_g22_c01,251,3.5
test,Reach,v_RatStrokeMay7_g22_c02,251,4
